"Name","Length","LastWriteTime"
"README.md","1057","7/13/2026 4:22:16 PM"
"SYSTEM_ARCHITECTURE.md","4235","7/13/2026 4:22:16 PM"
"packaging_master.md","3456","7/15/2026 9:04:01 PM"
"PACKING_CODES.md","734","7/13/2026 4:22:16 PM"
"PRODUCT_CODE.md","801","7/13/2026 4:22:16 PM"
"PRODUCT_DATABASE.md","774","7/13/2026 4:22:16 PM"
"PRODUCT_LIBRARY.md","803","7/13/2026 4:22:16 PM"
"PRODUCT_MASTER.md","1114","7/13/2026 4:22:16 PM"
"PRODUCT_TEMPLATE.md","712","7/13/2026 4:22:16 PM"
"01_BRAND_STANDARD.md","1447","7/13/2026 4:22:16 PM"
